AID,clus_ID,clus_start,clus_end,open,dur,locs,radius,inv date,found,species,notes
SF9,C01,4/27/2021 19:00,5/1/2021 7:00,N,84,13,83,5/3/2021,Y,deer,doe and fawn
SF10,C01,4/29/2021 1:00,4/29/2021 16:00,N,15,5,101,,,,
SM6,C00,4/29/2021 1:00,4/29/2021 22:00,N,21,7,145,,,,
SF9,C02,4/30/2021 10:00,5/1/2021 4:00,N,18,7,178,5/5/2021,N,,"found scat and some pigeon feathers, but no evidence of kill"
SF9,C03,5/1/2021 10:00,5/2/2021 4:00,N,18,7,121,5/5/2021,Y,deer,fawn
SF1,C01,5/1/2021 13:00,5/1/2021 22:00,N,9,4,114,,,,
SM6,C01,5/2/2021 4:00,5/5/2021 4:00,N,72,9,42,5/6/2021,Y,pig,juvenile
SF10,C02,5/2/2021 7:00,5/3/2021 4:00,Y,21,4,113,,,,
SF1,C01,5/2/2021 13:00,5/5/2021 4:00,N,63,22,186,5/4/2021,Y,deer,set camera
SF9,C04,5/2/2021 19:00,5/3/2021 4:00,N,9,4,74,5/9/2021,N,,found scattered deer hair but no kill. Possibly fawn
SM6,C02,5/3/2021 10:00,5/4/2021 1:00,N,15,6,53,5/7/2021,Y,deer,fawn
SF10,C03,5/3/2021 22:00,5/5/2021 4:00,Y,30,11,97,,,,
SF9,C3.1,5/3/2021 22:00,5/4/2021 4:00,N,6,3,2,6/15/2021,N,,
SF9,C05,5/4/2021 19:00,5/7/2021 4:00,N,57,17,55,5/6/2021,Y,deer,
SF1,C03,5/6/2021 7:00,5/6/2021 22:00,N,15,6,73,5/7/2021,Y,mallard,possible nest
SF10,C3.1,5/6/2021 22:00,5/7/2021 4:00,N,6,3,16,,,,
SF1,3.1,5/7/2021 19:00,5/8/2021 1:00,N,6,3,62,6/20/2021,N,,
SF1,C4.1,5/8/2021 22:00,5/12/2021 16:00,N,90,17,128,5/10/2021,Y,deer,same as cluster 4
SM6,C03,5/8/2021 7:00,5/9/2021 4:00,N,21,8,32,5/11/2021,Y,pig,
SF1,C04,5/9/2021 1:00,5/12/2021 19:00,N,90,13,89,5/10/2021,Y,deer,set camera
SF9,C06,5/10/2021 1:00,5/13/2021 4:00,N,75,21,174,5/11/2021,Y,deer,set camera
SF10,C3.2,5/10/2021 22:00,5/11/2021 19:00,N,21,3,29,,,,
SF1,C05,5/13/2021 13:00,5/14/2021 4:00,N,15,6,39,5/15/2021,N,,
SM6,C3.1,5/13/2021 16:00,5/13/2021 22:00,N,6,3,15,5/19/2021,N,,same as SM6_C04
SM6,C04,5/14/2021 1:00,5/15/2021 16:00,N,39,5,82,5/19/2021,N,,
SF10,C01,5/14/2021 13:00,5/15/2021 7:00,N,30,10,26,5/15/2021,Y,deer,fawn
SF9,C07,5/14/2021 22:00,5/15/2021 7:00,N,9,4,67,5/16/2021,Y,deer,fawn
SF10,C02,5/16/2021 4:00,5/17/2021 7:00,N,27,10,162,5/17/2021,N,,
SF9,C3.2,5/16/2021 22:00,5/17/2021 4:00,N,6,3,23,6/9/2021,N,,
SM6,C3.2,5/16/2021 22:00,5/17/2021 4:00,N,6,3,58,6/9/2021,N,,
SF10,C03,5/17/2021 10:00,5/19/2021 4:00,N,42,11,27,5/18/2021,Y,deer,fawn
SF1,C3.2,5/18/2021 4:00,5/21/2021 19:00,N,87,3,86,,,,
SF9,C08,5/18/2021 7:00,5/18/2021 22:00,N,15,6,132,5/19/2021,Y,deer,2 fawns
SM6,C05,5/18/2021 13:00,5/20/2021 4:00,N,39,14,95,5/19/2021,Y,pig,MJ07 - ear tagged
SF1,C3.3,5/19/2021 4:00,5/22/2021 4:00,N,72,3,102,,,,
SF9,C09,5/19/2021 22:00,5/22/2021 1:00,N,51,15,95,5/21/2021,Y,deer,doe and fawn
SF9,C10,5/22/2021 7:00,5/23/2021 4:00,N,21,7,58,5/23/2021,Y,deer,fawn
SF1,C06,5/22/2021 13:00,5/23/2021 1:00,N,12,5,94,5/23/2021,Y,deer,fawn
SF1,C07,5/23/2021 10:00,5/23/2021 22:00,N,12,5,61,5/24/2021,N,,
SF9,3.3,5/23/2021 22:00,5/24/2021 4:00,N,6,3,87,6/18/2021,N,,
SF1,C08,5/24/2021 22:00,5/25/2021 13:00,N,18,7,151,5/27/2021,Y,deer,fawn
SF10,C3.3,5/24/2021 22:00,5/27/2021 10:00,N,60,3,53,,,,
SF9,3.4,5/25/2021 22:00,5/26/2021 4:00,N,6,3,38,6/20/2021,Y,unk,"only found hair. Could be deer, but possibly rabbit"
SF1,C09,5/26/2021 7:00,5/27/2021 1:00,N,18,6,46,5/30/2021,Y,deer,fawn
SF9,C11,5/26/2021 7:00,5/29/2021 1:00,N,66,7,90,5/29/2021,N,,"5/26 location just happed to be in same location, cluster truly began on 5/28"
SF9,C12,5/26/2021 10:00,5/28/2021 7:00,N,45,15,201,5/29/2021,Y,deer,
SF1,C10,5/27/2021 7:00,5/28/2021 4:00,N,21,8,64,5/30/2021,Y,deer,fawn
SM6,C06,5/28/2021 22:00,5/31/2021 4:00,N,54,12,51,6/2/2021,Y,deer,
SF1,3.4,5/28/2021 22:00,5/29/2021 4:00,N,6,3,82,6/18/2021,N,,
SF1,3.5,5/29/2021 22:00,5/30/2021 4:00,N,6,3,7,6/17/2021,N,,
SF1,C11,5/30/2021 22:00,6/1/2021 1:00,N,27,6,36,6/1/2021,Y,deer,fawn
SF9,C13,5/30/2021 22:00,5/31/2021 7:00,N,9,4,37,6/1/2021,N,,
SF10,C3.4,5/30/2021 22:00,5/31/2021 4:00,N,6,3,32,,,,
SF9,C14,5/31/2021 19:00,6/1/2021 4:00,N,9,4,32,6/3/2021,Y,deer,fawn
SF1,C12,6/1/2021 19:00,6/2/2021 4:00,N,9,4,47,6/5/2021,N,,
SF9,C3.5,6/2/2021 22:00,6/3/2021 4:00,N,6,3,51,6/8/2021,N,,
SF9,C15,6/3/2021 22:00,6/5/2021 7:00,N,33,4,59,6/7/2021,Y,deer,fawn
SM6,C07,6/4/2021 10:00,6/5/2021 4:00,N,18,7,57,6/8/2021,Y,pig,only found hair
SF9,C3.6,6/4/2021 22:00,6/5/2021 4:00,N,6,3,50,6/8/2021,Y,deer,fawn
SF1,C13,6/5/2021 16:00,6/6/2021 10:00,N,18,5,24,6/6/2021,Y,deer,fawn
SF9,C16,6/5/2021 22:00,6/8/2021 4:00,N,54,10,183,6/7/2021,Y,deer,
SF9,CXX,6/6/2021 4:00,6/8/2021 4:00,,45,8,165,6/7/2021,Y,deer,same as C16
SF1,C14,6/6/2021 13:00,6/8/2021 4:00,Y,39,14,130,6/7/2021,Y,deer,fawn
SF9,C17,6/8/2021 22:00,6/9/2021 4:00,N,6,3,82,6/15/2021,Y,mallard/wood duck,
SM6,C08,6/10/2021 7:00,6/12/2021 4:00,N,45,4,94,6/15/2021,Y,deer,fawn
SM6,C09,6/10/2021 22:00,6/11/2021 4:00,N,6,3,26,6/15/2021,Y,band tailed pigeon,
SF1,C15,6/11/2021 4:00,6/12/2021 4:00,N,24,4,10,6/15/2021,Y,deer,fawn
SF9,C18,6/13/2021 1:00,6/14/2021 1:00,N,24,4,49,6/15/2021,Y,deer,possible scavenge
SF1,C16,6/13/2021 22:00,6/17/2021 4:00,N,78,16,136,6/17/2021,Y,deer,Two fawns and hair that looks like from an adult. First point of cluster was really 6/14/2021 @ 19:00
SF9,C19,6/15/2021 7:00,6/15/2021 22:00,N,15,5,38,6/20/2021,Y,deer,fawn
SF9,C20,6/16/2021 19:00,6/17/2021 22:00,N,27,4,53,6/19/2021,Y,deer,fawn
SF1,C17,6/17/2021 22:00,6/18/2021 4:00,N,6,3,24,6/23/2021,N,,
SM6,C10,6/17/2021 4:00,6/18/2021 4:00,N,24,3,42,6/20/2021,Y,pig,
SF9,C21,6/20/2021 13:00,6/21/2021 4:00,N,15,6,88,6/23/2021,Y,deer,
SF9,C22,6/22/2021 19:00,6/23/2021 4:00,N,9,3,34,6/24/2021,Y,deer,fawn
SF1,C18,6/22/2021 16:00,6/24/2021 4:00,Y,36,13,111,6/27/2021,Y,deer,fawn
SM6,C11,6/23/2021 10:00,6/24/2021 1:00,N,15,6,92,7/1/2021,Y,deer,fawn
SF9,C23,6/24/2021 1:00,6/24/2021 22:00,N,21,8,79,6/25/2021,Y,coyote,pup
SM6,C12,6/26/2021 4:00,6/26/2021 16:00,N,12,4,116,6/28/2021,N,,
SF1,C19,6/27/2021 4:00,6/27/2021 16:00,N,12,5,110,7/3/2021,N,,
SF9,C24,6/28/2021 7:00,6/29/2021 7:00,N,24,9,111,7/1/2021,Y,deer,doe and fawn
SM6,C13,6/28/2021 7:00,6/28/2021 22:00,N,15,3,95,7/4/2021,N,,
SM6,C14,6/29/2021 19:00,6/30/2021 1:00,N,6,3,21,7/2/2021,Y,pig,
SF1,C20,6/30/2021 7:00,7/1/2021 1:00,N,66,12,186,7/3/2021,Y,pig,scavenge
SF9,C25,6/30/2021 10:00,6/30/2021 22:00,N,12,5,58,7/3/2021,Y,deer,fawn
SF1,CXX,7/1/2021 4:00,7/1/2021 22:00,N,42,4,77,7/3/2021,XX,,Same as 20
SF9,C26,7/2/2021 19:00,7/3/2021 1:00,N,6,3,17,7/4/2021,Y,deer,fawn
SF9,C27,7/3/2021 19:00,7/4/2021 1:00,N,6,3,28,7/4/2021,Y,deer,fawn
SF1,C21,7/4/2021 7:00,7/5/2021 7:00,N,24,9,74,7/5/2021,Y,ducklings,
SF9,C28,7/4/2021 22:00,7/5/2021 4:00,N,6,3,30,7/5/2021,Y,deer,fawn
SM6,C15,7/4/2021 22:00,7/5/2021 4:00,N,6,3,34,7/6/2021,Y,pig,
SF9,C29,7/6/2021 19:00,7/7/2021 4:00,N,9,3,13,7/9/2021,Y,deer,fawn
SF1,C22,7/6/2021 4:00,7/8/2021 4:00,N,48,17,123,7/12/2021,Y,deer,fawn
SF1,C23,7/8/2021 22:00,7/9/2021 16:00,N,18,7,112,7/12/2021,N,,
SF9,C30,7/8/2021 22:00,7/9/2021 4:00,N,6,3,35,7/12/2021,Y,coyote,pup
SM6,C16,7/9/2021 22:00,7/11/2021 1:00,N,27,3,48,7/15/2021,Y,pig,scavenge
SF9,C31,7/11/2021 19:00,7/12/2021 4:00,N,9,4,61,7/13/2021,Y,deer,fawn
SF9,C32-1,7/12/2021 16:00,7/13/2021 4:00,N,12,5,127,7/14/2021,Y,deer,fawn
SF1,C24,7/10/2021 19:00,7/11/2021 4:00,N,9,4,19,7/15/2021,Y,deer,fawn
SF1,C25,7/11/2021 7:00,7/14/2021 4:00,N,69,23,74,7/15/2021,Y,deer,fawn
SF9,C32-2,7/14/2021 7:00,7/15/2021 13:00,N,30,10,71,7/16/2021,Y,deer,
SF9,C33,7/15/2021 22:00,7/16/2021 4:00,N,6,3,40,7/21/2021,Y,deer,fawn
SF9,C35,7/16/2021 10:00,7/16/2021 22:00,N,12,5,55,7/22/2021,Y,turkey,
SF1,C26,7/17/2021 4:00,7/18/2021 22:00,N,42,11,124,7/22/2021,Y,deer,
SF9,C34,7/17/2021 16:00,7/18/2021 4:00,N,12,4,81,7/19/2021,Y,deer,fawn
SM6,2P,7/16/2021 1:00,7/16/2021 4:00,N,3,2,21,7/19/2021,Y,pig,
SF1,C27,7/18/2021 1:00,7/19/2021 4:00,N,27,4,95,7/22/2021,Y,deer,same as cluster 26
SM6,C17,7/19/2021 7:00,7/20/2021 22:00,N,39,5,20,7/21/2021,Y,pig,
SF1,C28,7/19/2021 22:00,7/20/2021 22:00,N,24,9,34,7/21/2021,N,,
SF9,C36,7/19/2021 22:00,7/20/2021 22:00,N,24,4,75,7/22/2021,Y,pig,scavenge of SM6 C17
SF9,719day,7/19/2021 7:00,7/19/2021 19:00,N,12,5,30,7/22/2021,Y,turkey,
SF1,C29,7/22/2021 1:00,7/22/2021 7:00,N,6,3,43,7/23/2021,N,,
SF9,C37,7/23/2021 4:00,7/23/2021 19:00,N,15,6,104,7/24/2021,Y,deer,fawn
SF1,C30,7/23/2021 10:00,7/25/2021 22:00,N,60,10,44,7/24/2021,Y,deer,"fawn, set cam"
SF9,C38,7/23/2021 22:00,7/24/2021 7:00,N,9,4,57,7/24/2021,N,,
SF9,C39,7/25/2021 22:00,7/26/2021 4:00,N,6,3,30,7/26/2021,Y,opossum,and bird
SF1,C31,7/23/2021 22:00,7/26/2021 4:00,N,54,3,35,7/27/2021,N,,
SM6,C18,7/24/2021 1:00,7/25/2021 4:00,N,27,3,46,7/27/2021,Y,pig,
SM6,C19,7/26/2021 1:00,7/26/2021 16:00,N,15,4,79,7/27/2021,N,,
SM6,C20,7/27/2021 4:00,7/27/2021 19:00,N,15,6,59,7/29/2021,N,,
SF9,C40,7/27/2021 22:00,7/28/2021 4:00,N,6,3,62,NA,NA,NA,deer bait
SF9,C41,7/30/2021 1:00,7/31/2021 4:00,N,27,5,111,7/31/2021,Y,deer,
SF1,C32,7/30/2021 19:00,7/31/2021 19:00,N,24,9,117,8/2/2021,N,,collected 2 scats
SM6,C21,7/31/2021 1:00,8/1/2021 4:00,N,27,4,28,8/1/2021,Y,deer and pig,neonates
SF9,C42,7/31/2021 10:00,8/1/2021 4:00,N,18,5,36,8/2/2021,N,,collected 3 scats
SF1,2p,7/30/2021 1:00,7/30/2021 4:00,N,3,2,7,8/2/2021,Y,coyote,
SF1,W21-01,10/30/2021 4:00,11/1/2021 1:00,N,48,11,40,11/2/2021,Y,pig,
SF9,W21-01,10/30/2021 22:00,11/1/2021 1:00,N,27,7,74,11/2/2021,Y,deer,
SM6,W21-01,11/1/2021 22:00,11/2/2021 19:00,N,21,5,71,11/4/2021,Y,pig,
SF9,W21-C02.1,11/3/2021 22:00,11/4/2021 7:00,N,9,4,18,11/5/2021,N,,found farrowing nest right at points
SF9,W21-C02.2,11/7/2021 4:00,11/7/2021 22:00,N,18,7,75,11/10/2021,Y,pig,
SF9,W21-03,11/4/2021 10:00,11/7/2021 1:00,N,64,13,158,11/5/2021,Y,deer,
SF1,W21-02,11/5/2021 7:00,11/5/2021 19:00,N,12,5,64,11/7/2021,N,,
SM6,W21-02,11/6/2021 10:00,11/7/2021 9:00,N,24,9,87,11/8/2021,Y,pig,
SF9,W21-C04,11/8/2021 0:00,11/10/2021 21:00,N,69,22,127,11/10/2021,Y,deer,
SF1,W21-03,11/10/2021 18:00,11/14/2021 18:00,N,96,26,100,11/11/2021,Y,pig,
SM6,W21-C03,11/12/2021 9:00,11/12/2021 18:00,N,9,4,13,11/16/2021,N,,
SF1,Den1,,,,,,,11/19/2021,N,,
SF1,Den2,,,,,,,11/19/2021,N,,
SF9,W21-C05,11/16/2021 21:00,11/18/2021 21:00,N,24,10,82,11/18/2021,Y,deer,
SM6,W21-04,11/18/2021 21:00,11/21/2021 3:00,N,54,10,38,11/22/2021,Y,pig,
SF1,W21-04,11/19/2021 9:00,11/20/2021 18:00,N,33,8,117,11/22/2021,Y,deer,same as SF9_W21-06
SF9,W21-06,11/19/2021 9:00,11/20/2021 21:00,N,36,8,61,11/22/2021,Y,deer,same as SF1_W21-04
SF1,W21-05,11/20/2021 9:00,11/25/2021 12:00,N,33,12,79,11/25/2021,Y,SF1 Mort,
SF9,W21-07,11/21/2021 21:00,11/22/2021 3:00,N,6,3,6,11/27/2021,N,,
SF9,W21-08,11/22/2021 21:00,11/23/2021 15:00,N,18,7,34,11/25/2021,Y,deer,
SF9,W21-09,11/26/2021 18:00,11/28/2021 3:00,N,33,8,95,11/30/2021,Y,deer,
SF9,W21-10,11/28/2021 21:00,11/29/2021 3:00,N,6,3,23,11/30/2021,N,,
SM6,W21-05,11/28/2021 21:00,11/30/2021 0:00,N,27,7,17,11/30/2021,Y,pig,
SF9,W21-11,11/29/2021 21:00,11/30/2021 18:00,N,21,5,28,12/1/2021,Y,deer,
SM6,W21-06,12/1/2021 21:00,12/2/2021 18:00,N,21,5,40,12/2/2021,Y,pig,
SF9,W21-12,12/2/2021 21:00,12/3/2021 6:00,N,33,5,111,12/3/2021,Y,pig,same as SF9_W21-13
SF9,W21-13,12/3/2021 18:00,12/4/2021 3:00,N,9,3,88,12/3/2021,,,same as SF9_W21-12
SM6,W21-07,12/4/2021 6:00,12/5/2021 6:00,N,24,9,117,12/16/2021,Y,deer,
SF9,W21-C14,12/10/2021 12:00,12/11/2021 18:00,N,30,6,124,12/7/2021,Y,pig,same as SF9_W21-15
SF9,W21-15,12/11/2021 6:00,12/12/2021 6:00,N,24,5,72,12/17/2021,,,same as SF9_W21-14
SF9,W21-C14/15,12/10/2021 12:00,12/12/2021 6:00,N,42,,124,12/17/2021,Y,pig,
SM6,W21-08,12/12/2021 6:00,12/14/2021 3:00,N,45,9,71,12/16/2021,Y,deer,
SF9,W21-C16,12/13/2021 18:00,12/17/2021 6:00,N,84,28,135,12/17/2021,Y,deer,
SM6,W21-C09,12/15/2021 9:00,12/15/2021 18:00,N,6,3,17,12/18/2021,N,,
SF9,W21-17,12/17/2021 9:00,12/17/2021 18:00,N,9,3,77,,,,"Unlikely kill, just a double back on a day bed"
SF9,W21-C18,12/21/2021 18:00,12/22/2021 3:00,N,9,4,29,12/22/2021,Y,deer,possible scavenge
SM6,W21-C10,12/22/2021 3:00,12/22/2021 9:00,N,6,3,73,12/28/2021,N,,
SF9,W21-C19,12/25/2021 0:00,12/27/2021 6:00,N,54,5,96,1/8/2022,Y,tree squirrel,May not have been why cluster was formed
SF9,W21-C20,12/26/2021 0:00,12/26/2021 12:00,N,12,3,17,12/28/2021,N,,
SF9,W21-C21,12/25/2021 9:00,12/29/2021 21:00,N,108,10,167,1/8/2022,N,,collected scat
SM6,W21-C11,12/30/2021 0:00,12/30/2021 6:00,N,6,3,7,12/31/2021,N,,
SF9,W21-C22,12/30/2021 18:00,1/4/2022 18:00,N,120,34,130,1/4/2021,Y,pig,
SM6,W21-C12,12/31/2021 3:00,12/31/2021 15:00,N,12,5,108,1/3/2022,N,,
SF9,W21-C23,12/31/2021 21:00,1/3/2022 6:00,N,57,6,44,1/4/2021,N,,"simultaneous with C22, found regurgitated pig hair"
SM6,W21-C13,1/1/2022 0:00,1/1/2022 6:00,N,6,3,26,1/3/2022,N,,found possible kill site of small prey
SM6,W21-C14,1/3/2022 18:00,1/5/2022 6:00,N,36,13,95,1/7/2022,Y,pig,
SF9,W21-C24,1/4/2022 21:00,1/5/2022 6:00,N,9,4,38,1/8/2022,N,,
SM6,W21-C15,1/5/2022 21:00,1/6/2022 6:00,N,9,4,29,1/7/2022,N,,
SF9,W21-C25,1/6/2022 6:00,1/7/2022 9:00,N,27,10,131,1/8/2022,N,,
SF9,W21-26,1/7/2022 18:00,1/8/2022 0:00,N,6,3,109,1/8/2022,N,,same as C25
SM6,W21-16,1/11/2022 6:00,1/13/2022 6:00,N,48,10,84,NA,NA,NA,Unable to investigate because cluster was in radiation closure
SF9,W21-C27,1/15/2022 0:00,1/16/2022 6:00,N,30,8,44,1/15/2022,Y,pig,
SM6,W21-C17,1/17/2022 21:00,1/18/2022 21:00,N,24,5,88,1/27/2022,Y,pig,
SF9,W21-C28,1/18/2022 0:00,1/18/2022 6:00,N,6,3,59,1/18/2022,N,,
SM6,W21-C18,1/18/2022 9:00,1/18/2022 18:00,N,9,4,61,1/20/2022,N,,
SM6,W21-C19,1/19/2022 3:00,1/19/2022 15:00,N,12,5,88,1/20/2022,N,,
SF9,W21-C29,1/19/2022 21:00,1/22/2022 6:00,N,57,14,124,1/29/2022,Y,pig,most likely based on smell
SF9,W21-30,1/21/2022 18:00,1/22/2022 0:00,N,6,3,12,NA,NA,NA,Unable to investigate due to private land delay and low priority
SM6,W21-C20,1/22/2022 9:00,1/22/2022 18:00,N,9,4,26,1/24/2022,N,,
SF9,W21-31,1/22/2022 18:00,1/23/2022 3:00,N,9,4,35,NA,NA,NA,Unable to investigate due to private land delay and low priority
SM6,W21-C21,1/23/2022 0:00,1/23/2022 6:00,N,6,3,52,1/25/2022,N,,
SF9,W21-C32,1/23/2022 18:00,1/24/2022 15:00,N,21,7,89,1/26/2022,N,,"found old dead deer, but nothing new/worth scavenging on"
SM6,W21-22,1/24/2022 9:00,1/25/2022 0:00,N,15,5,30,NA,NA,NA,Unable to investigate because cluster was in radiation closure
SM6,W21-2P,1/24/2022 0:00,1/24/2022 6:00,N,6,2,6,1/25/2022,Y,elk,scavenge
SF9,W21-C33,1/27/2022 0:00,1/28/2022 3:00,N,27,6,35,1/29/2022,Y,pig,
SM6,W21-C23,1/30/2022 9:00,1/31/2022 21:00,N,36,9,28,1/31/2022,Y,pig,
SF9,W21-C34,1/29/2022 18:00,1/30/2022 6:00,N,12,5,12,2/1/2022,N,,
SF9,W21-C35,2/1/2022 6:00,2/2/2022 0:00,N,18,3,73,2/2/2022,Y,pig,
SF9,S22-C01,5/1/2022 21:00,5/3/2022 3:00,N,30,11,61,5/12/2022,N,,
SM6,S22-C01,5/2/2022 18:00,5/3/2022 0:00,N,6,3,15,,,,
SF9,S22-C02,5/3/2022 21:00,5/4/2022 3:00,N,6,3,17,5/12/2022,N,,
SM6,S22-C02,5/4/2022 3:00,5/5/2022 18:00,N,39,9,165,,,,
SF9,S22-C03,5/5/2022 21:00,5/6/2022 3:00,N,6,3,28,5/9/2022,Y,deer,fawn
SM6,S22-C03,5/8/2022 21:00,5/9/2022 3:00,N,6,3,52,5/11/2022,N,,
SF9,S22-C04,5/7/2022 4:00,5/13/2022 4:00,N,126,41,178,5/12/2022,Y,deer,adult
SM6,S22-C04,5/12/2022 19:00,5/16/2022 22:00,N,99,9,89,5/25/2022,Y,pig,
SF9,S22-C05,5/13/2022 22:00,5/14/2022 4:00,N,6,3,42,5/15/2022,N,,
SF9,S22-C06,5/17/2022 7:00,5/19/2022 19:00,N,60,21,179,5/18/2022,Y,deer,fawn
SF9,S22-C07,5/19/2022 22:00,5/20/2022 4:00,N,6,3,3,5/20/2022,N,,
SM6,S22-C05,5/20/2022 19:00,5/22/2022 22:00,N,51,8,119,5/24/2022,Y,pig,
SF9,S22-C08,5/23/2022 22:00,5/25/2022 4:00,N,30,11,97,5/24/2022,Y,deer,fawn
SF9,S22-Day523,5/23/2022 10:00,5/23/2022 19:00,N,9,4,83,5/24/2022,Y,ground squirrel,
SM6,S22-C06,5/25/2022 1:00,5/27/2022 4:00,N,51,17,87,5/27/2022,Y,deer,buck
SF9,S22-C09,5/27/2022 10:00,5/29/2022 4:00,N,42,15,92,5/29/2022,Y,deer,fawn
SM6,S22-C07,5/28/2022 4:00,5/28/2022 10:00,N,6,3,22,5/30/2022,N,,
SF9,S22-C10,5/30/2022 22:00,5/31/2022 4:00,N,6,3,30,6/1/2022,N,,
SF9,S22-C11A,5/31/2022 7:00,6/2/2022 10:00,N,51,5,135,NA,,,Same as Cluster 11
SF9,S22-C11,5/31/2022 13:00,6/2/2022 1:00,N,36,11,135,6/1/2022,Y,deer,fawn
SM6,S22-C08,6/3/2022 4:00,6/3/2022 13:00,N,9,4,105,6/5/2022,N,,
SF9,S22-C12,6/3/2022 22:00,6/6/2022 4:00,N,54,11,136,6/5/2022,Y,deer,fawn
SM6,S22-C09,6/4/2022 10:00,6/5/2022 1:00,N,15,6,42,6/7/2022,N,,
SM6,S22-C10,6/6/2022 22:00,6/8/2022 4:00,N,30,11,79,6/8/2022,Y,deer,fawn x2
SF9,S22-C13,6/7/2022 7:00,6/9/2022 4:00,N,45,11,66,6/9/2022,Y,deer,fawn
SF9,S22-C14,6/9/2022 22:00,6/10/2022 4:00,N,6,3,7,6/10/2022,N,,
SM6,S22-C11,6/9/2022 7:00,6/11/2022 22:00,N,63,12,71,6/12/2022,Y,deer,More accurately started 6/10/22 at 7:00. Points before this were just passing thorugh.
SM6,S22-C12,6/9/2022 22:00,6/10/2022 4:00,N,6,3,24,6/12/2022,Y,pig,piglet x2
SF9,S22-C15,6/11/2022 19:00,6/13/2022 19:00,N,48,3,106,6/15/2022,N,,
SF9,S22-C16,6/12/2022 7:00,6/13/2022 4:00,N,21,7,80,6/15/2022,Y,bobcat,possibly cougar kitten
SM6,S22-C13,6/15/2022 16:00,6/16/2022 1:00,N,9,4,39,6/16/2022,Y,deer,fawn
SF9,S22-C17,6/16/2022 10:00,6/17/2022 1:00,N,15,6,58,6/17/2022,Y,pig,neonate
SM6,S22-C14,6/17/2022 4:00,6/17/2022 10:00,N,6,3,19,6/17/2022,N,,
SF9,S22-C18,6/18/2022 7:00,6/19/2022 4:00,N,21,8,86,6/20/2022,Y,deer,fawn
SF9,S22-C19,6/20/2022 19:00,6/22/2022 1:00,N,30,7,78,6/21/2022,Y,deer,Set camera
SF9,S22-C20,6/20/2022 7:00,6/21/2022 22:00,N,39,7,85,NA,,,Same as Cluster 19
SM6,S22-C15,6/23/2022 10:00,6/24/2022 4:00,N,18,7,95,6/29/2022,Y,deer,fawn
SF9,S22-C21,6/23/2022 22:00,6/24/2022 19:00,N,21,3,57,6/30/2022,N,,
SF9,S22-C22,6/25/2022 7:00,6/27/2022 4:00,N,45,13,61,6/29/2022,Y,deer,fawn
SM6,S22-C16,6/27/2022 16:00,6/28/2022 4:00,N,12,5,32,6/29/2022,Y,deer,fawn
SM6,S22-C17,6/29/2022 4:00,6/30/2022 1:00,N,21,3,19,6/30/2022,Y,elk,calf
SF9,S22-C23,6/27/2022 22:00,6/30/2022 22:00,N,72,11,160,7/1/2022,Y,deer,fawn
SF9,S22-C24,7/1/2022 22:00,7/3/2022 19:00,N,45,14,107,7/3/2022,N,,
SM6,S22-C18,7/3/2022 4:00,7/3/2022 19:00,N,15,6,78,7/5/2022,Y,pig,neonate
SF9,S22-C25,7/5/2022 1:00,7/6/2022 4:00,N,27,4,78,7/5/2022,Y,coyote,neonate
SM6,S22-C19,7/5/2022 22:00,7/9/2022 4:00,N,78,22,127,7/10/2022,Y,pig,
SM6,S22-C20,7/11/2022 22:00,7/12/2022 22:00,N,24,4,38,7/13/2022,Y,elk,calf
SF9,S22-C26,7/4/2022 13:00,7/9/2022 10:00,N,117,6,82,7/15/202,Y,Den,Thought it may be a den location. Female had returned to the area again and I heard kitten noises as I approached. So I left the area.
SF9,S22-C27,7/13/2022 22:00,7/14/2022 16:00,N,18,5,127,7/15/202,Y,Den,Thought it may be a den location. Female had returned to the area again and I heard kitten noises as I approached. So I left the area.
SM6,S22-C21,7/13/2022 22:00,7/15/2022 4:00,N,30,6,57,7/16/2021,Y,deer,
SM6,S22-C22,7/18/2022 4:00,7/18/2022 16:00,N,12,5,13,NA,NA,NA,To far off study are to access
SF9,S22-C28,7/19/2022 16:00,7/25/2022 4:00,N,132,18,143,7/21/2022,Y,deer,Doe and fawn
SF9,S22-C29,7/19/2022 19:00,7/20/2022 4:00,N,9,4,113,7/21/2022,Y,deer,
SM6,S22-C23,7/19/2022 22:00,7/20/2022 4:00,N,6,3,19,7/21/2022,Y,deer,
SM6,S22-C24,7/20/2022 22:00,7/21/2022 4:00,N,6,3,29,7/22/2022,Y,pig,Set camera
SF9,W22-10-13,10/13/2022 19:00,10/18/2022 4:00,N,105,29,196,11/6/2022,Y,deer,
SM6,W22 - 10/13,10/13/2022 19:00,10/15/2022 4:00,N,33,12,85,,,,
SM6,W22-10-18,10/18/2022 10:00,10/19/2022 4:00,N,18,6,57,,,,
SF9,W22-10-21,10/21/2022 10:00,10/25/2022 1:00,N,87,27,95,11/10/2022,Y,deer,
SM6,W22-10-23,10/23/2022 1:00,10/24/2022 1:00,N,24,5,21,11/10/2022,Y,deer,scavenged SF9_W22-10-21
SF9,W22-10-25,10/25/2022 10:00,10/27/2022 7:00,N,45,15,156,11/6/2022,Y,deer,fawn
SF9,W22-10-28,10/27/2022 10:00,10/28/2022 16:00,N,30,11,134,11/4/2022,Y,deer,
SF9,W22 - 10/28,10/28/2022 22:00,10/31/2022 7:00,N,57,5,105,NA,NA,,same as above
SM6,W22-C01,10/29/2022 22:00,11/1/2022 1:00,N,51,8,29,11/7/2022,Y,pig,
SF9,W22-C01,10/31/2022 19:00,11/1/2022 19:00,N,24,4,61,11/6/2022,Y,deer,fawn
SM6,W22-C02,11/1/2022 22:00,11/2/2022 7:00,N,9,4,101,11/4/2022,N,,
SF9,W22-C02,11/2/2022 10:00,11/6/2022 4:00,N,91,30,79,11/5/2022,Y,deer,set camera
SF9,W22-C03,11/7/2022 4:00,11/9/2022 19:00,N,63,19,75,11/8/2022,Y,deer,set camera
SM6,W22-C03,11/7/2022 10:00,11/8/2022 22:00,N,36,9,130,11/9/2022,Y,pig,
SF9,W22-C04,11/9/2022 22:00,11/13/2022 4:00,N,78,21,71,11/11/2022,Y,elk,set camera
SM6,W22-C04,11/10/2022 1:00,11/10/2022 7:00,N,6,3,7,11/13/2022,N,,
SM6,W22-C05,11/13/2022 1:00,11/14/2022 7:00,N,6,3,5,11/13/2022,N,,
SF9,W22-C05,11/13/2022 19:00,11/14/2022 4:00,N,9,4,112,11/14/2022,N,,
SM6,W22-C06,11/13/2022 13:00,11/17/2022 4:00,N,87,27,124,11/16/2022,Y,pig,
SF9,W22-C06,11/14/2022 7:00,11/15/2022 1:00,N,18,3,92,11/18/2022,N,,
SM6,W22-C07,11/17/2022 19:00,11/18/2022 4:00,N,9,4,49,11/18/2022,N,,
SF9,W22-C07,11/18/2022 1:00,11/21/2022 4:00,N,75,21,75,11/20/2022,Y,deer,
SM6,W22-C08,11/20/2022 22:00,11/22/2022 7:00,N,33,9,78,11/21/2022,Y,pig,
SF9,W22-C08,11/21/2022 7:00,11/23/2022 22:00,N,63,22,170,11/23/2022,Y,deer,
SM6,W22-C09,11/22/2022 22:00,11/23/2022 4:00,N,6,3,62,11/24/2022,N,,
SM6,W22-C10,11/24/2022 1:00,11/24/2022 7:00,N,6,3,6,11/24/2022,N,,
SM6,W22-C11,11/26/2022 4:00,11/27/2022 4:00,N,24,4,176,11/27/2022,Y,pig,
SF9,W22-C09,11/27/2022 7:00,11/28/2022 4:00,N,21,8,48,11/28/2022,Y,deer,fawn
SM6,W22-C12,11/27/2022 22:00,11/28/2022 4:00,N,6,3,52,11/28/2022,Y,pig,scavenge
SM6,W22-C13,11/30/2022 1:00,11/30/2022 7:00,N,6,3,16,,,,Too remote to access with rain.
SF9,W22-C10,11/30/2022 10:00,12/6/2022 1:00,N,135,32,157,12/1/2022,Y,deer,
SM6,W22-C14,12/3/2022 10:00,12/5/2022 1:00,N,39,8,108,NA,NA,NA,Unable to investigate. In radiation zone
SM6,W22-C15,12/7/2022 22:00,12/8/2022 4:00,N,6,3,9,12/8/2022,N,,
SM6,W22-C16,12/8/2022 10:00,12/11/2022 19:00,N,81,26,39,12/11/2022,Y,pig,
SM6,W22-C17,12/14/2022 1:00,12/14/2022 7:00,N,6,3,20,12/14/2022,Y,beaver,
SF9,W22-Capture,12/21/2022 22:00,12/22/2022 7:00,N,NA,NA,NA,12/21/2022,NA,NA,Capture Location
SM6,W22-C20,12/20/2022 22:00,12/21/2022 7:00,N,9,4,86,12/23/2022,N,,
SM6,W22-C21,12/22/2022 22:00,12/23/2022 4:00,N,6,3,83,1/1/2023,Y,pig,
SF9,W22-C11,12/23/2022 1:00,12/23/2022 7:00,N,6,3,65,1/1/2023,NA,NA,Simultaneous with C13
SF9,W22-C12,12/23/2022 10:00,1/1/2023 16:00,N,222,21,137,1/3/2023,Y,deer,fawn
SF9,W22-C13,12/23/2022 19:00,12/26/2022 7:00,N,60,17,169,1/1/2023,Y,deer,
SM6,W22-C22,12/26/2022 4:00,12/26/2022 16:00,N,12,5,27,1/3/2022,N,,
SF9,W22-C14,12/27/2022 13:00,12/29/2022 7:00,,42,15,41,1/1/2023,Y,deer,
SM6,W22-C23,12/29/2022 4:00,12/30/2022 7:00,N,27,6,42,1/1/2023,Y,pig,
SF9,W22-C15,12/29/2022 19:00,12/30/2022 7:00,N,12,5,58,1/1/2023,Y,deer,
SM6,W22-C24,12/30/2022 10:00,12/30/2022 22:00,N,12,5,98,1/1/2023,NA,NA,Daybed for C23
SF9,W22-C16,12/31/2022 7:00,1/2/2023 1:00,N,6,42,30,1/2/2023,Y,deer,
SM6,W22-C25,12/31/2022 22:00,1/1/2023 19:00,N,21,5,86,1/2/2023,Y,deer,
SF9,W22-C17,1/2/2023 4:00,1/2/2023 10:00,N,6,3,112,1/3/2023,N,,
SF9,W22-C18,1/2/2023 19:00,1/3/2023 4:00,N,9,4,22,1/3/2023,Y,deer,
SM6,W22-C26,1/3/2023 1:00,1/3/2023 7:00,N,6,3,17,1/6/2023,N,,
SF9,W22-C19,1/3/2023 7:00,1/4/2023 7:00,N,24,7,106,1/6/2023,N,,
SF9,W22-C20,1/4/2023 10:00,1/5/2023 16:00,N,30,6,89,1/7/2023,Y,deer,fawn
SM6,W22-C27,1/6/2023 1:00,1/7/2023 4:00,N,42,15,108,1/18/2023,Y,pig,
SF9,W22-C21,1/6/2023 7:00,1/7/2023 4:00,N,21,5,41,1/8/2023,Y,coyote,
SF9,W22-C22,1/7/2023 10:00,1/7/2023 22:00,N,12,3,73,1/20/2023,N,,
SF9,W22-C23,1/8/2023 1:00,1/9/2023 22:00,N,45,8,83,1/13/2023,Y,deer,
SM6,W22-C28,1/8/2023 4:00,1/9/2023 13:00,N,33,9,58,1/13/2023,Y,pig,
SF9,W22-C24,1/8/2023 7:00,1/9/2023 4:00,N,21,5,119,1/13/2023,N,,Simultaneous with C23
SM6,W22-C29,1/9/2023 22:00,1/10/2023 7:00,N,9,4,23,1/13/2023,Y,deer,
SF9,W22-C25,1/10/2023 7:00,1/12/2023 7:00,N,48,16,159,1/13/2023,Y,deer,fawn
SF9,W22-C26,1/12/2023 10:00,1/15/2023 13:00,N,75,9,78,1/18/2023,N,,
SM6,W22-C30,1/12/2023 16:00,1/14/2023 16:00,N,48,17,75,1/18/2023,Y,pig,
SF9,W22-C27,1/15/2023 10:00,1/17/2023 10:00,N,48,15,185,1/18/2023,Y,deer,
SM6,W22-C31,1/16/2023 4:00,1/16/2023 10:00,N,6,3,43,,,,Too remote to access with rain.
SM6,W22-C32,1/18/2023 7:00,1/19/2023 10:00,N,27,10,102,1/19/2023,Y,pig,
SF9,W22-C28,1/19/2023 13:00,1/21/2023 4:00,N,39,12,44,1/20/2023,Y,deer,set camera
SF9,W22-C29,1/21/2023 19:00,1/22/2023 7:00,N,12,5,45,1/24/2023,N,,
SF9,W22-C30,1/22/2023 10:00,1/22/2023 22:00,N,12,4,24,1/24/2023,N,,
SM6,W22-C33,1/23/2023 1:00,1/24/2023 19:00,N,42,8,40,1/24/2023,Y,pig,
SF9,W22-C31,1/23/2023 13:00,1/24/2023 4:00,N,15,3,46,1/31/2023,N,,
SF9,W22-C32,1/24/2023 1:00,1/26/2023 7:00,N,54,14,115,1/26/2023,Y,deer,
SM6,W22-C34,1/27/2023 22:00,1/29/2023 7:00,N,33,3,21,,,,Too remote to access.
SF9,W22-C33,1/28/2023 10:00,1/30/2023 16:00,N,54,17,28,1/31/2023,Y,deer,
SM6,S23-C00,4/25/2023 7:00,4/26/2023 1:00,N,18,7,151,5/10/2023,N,,did not fill out datasheet. Old and unwilling to search well because of Poison Oak
SF9,S23-C00,4/25/2023 10:00,4/29/2023 1:00,N,87,29,90,5/11/2023,Y,deer,
SF9,S23-C01,4/29/2023 22:00,4/30/2023 4:00,N,6,3,19,5/11/2023,N,,
SM6,S23-C01,4/30/2023 7:00,5/1/2023 4:00,N,21,8,125,5/22/2023,N,,
SF9,S23-C02,4/30/2023 22:00,5/1/2023 4:00,N,6,3,12,5/10/2023,N,,may have missed small prey since old
SF9,S23-C03,5/1/2023 10:00,5/1/2023 22:00,N,12,4,116,5/15/2023,Y,deer,fawn
SM6,S23-C02,5/3/2023 4:00,5/3/2023 13:00,N,9,4,54,5/11/2023,Y,elk,calf
SF9,S23-C04,5/4/2023 4:00,5/4/2023 22:00,N,18,6,22,5/10/2023,Y,elk,calf
SM6,S23-C03,5/4/2023 13:00,5/6/2023 4:00,N,39,11,142,5/11/2023,Y,pig,
SF9,S23-C05,5/5/2023 19:00,5/7/2023 4:00,N,33,5,54,5/10/2023,Y,elk,calf
SF9,S23-C06,5/5/2023 22:00,5/8/2023 7:00,N,57,5,109,5/10/2023,Y,deer,fawn
SM6,S23-C04,5/7/2023 1:00,5/7/2023 19:00,N,18,7,176,5/15/2023,N,,
SF9,S23-C06.1,5/8/2023 10:00,5/8/2023 22:00,N,12,5,95,,,,day bed plus one point leaving
SF9,S23-C07,5/10/2023 1:00,5/10/2023 7:00,N,6,3,22,5/10/2023,Y,deer,fawn
SF9,S23-C08,5/10/2023 22:00,5/11/2023 4:00,N,6,3,7,5/12/2023,N,,
SF9,S23-C09,5/11/2023 19:00,5/12/2023 4:00,N,9,4,79,5/12/2023,Y,deer,fawn
SF9,S23-2P,5/13/2023 4:00,5/13/2023 7:00,N,3,2,50,5/13/2023,Y,deer,fawn
SF9,S23-C10,5/14/2023 7:00,5/15/2023 4:00,N,21,7,91,5/18/2023,Y,deer,fawn
SF9,S23-C11,5/16/2023 10:00,5/18/2023 4:00,N,42,14,44,5/17/2023,Y,deer,doe
SF9,S23-C12,5/18/2023 7:00,5/19/2023 4:00,N,21,8,91,5/20/2023,N,,
SF9,S23-C13,5/19/2023 22:00,5/20/2023 4:00,N,6,3,15,5/20/2023,Y,deer,fawn
SM6,S23-C05,5/16/2023 1:00,5/16/2023 4:00,N,3,2,13,5/20/2023,Y,pig,neonate
SM6,S23-C06,5/19/2023 1:00,5/19/2023 4:00,N,3,2,2,5/22/2023,N,,
SM6,S23-C07,5/19/2023 22:00,5/20/2023 4:00,N,6,2,39,,,,
SF9,S23-C14,5/21/2023 22:00,5/22/2023 4:00,N,6,3,12,5/23/2023,N,,
SM6,S23-C08,5/22/2023 7:00,5/23/2023 4:00,N,21,8,103,5/23/2023,Y,deer,fawn
SF9,S23-C15,5/22/2023 19:00,5/23/2023 4:00,N,9,4,25,5/27/2023,Y,deer,fawn
SM6,S23-C09,5/23/2023 10:00,5/23/2023 22:00,N,12,5,77,5/26/2023,Y,deer,fawn
SM6,S23-C10,5/24/2023 13:00,5/26/2023 4:00,N,39,10,62,5/26/2023,Y,pig,neonate x2
SF9,S23-C16,5/24/2023 4:00,5/25/2023 7:00,N,9,4,56,5/26/2023,Y,deer,fawn
SF9,S23-C17,5/26/2023 10:00,5/27/2023 4:00,N,18,3,93,5/27/2023,N,,
SF9,S23-C18,5/26/2023 16:00,5/28/2023 4:00,N,36,4,84,5/28/2023,Y,deer,fawn
SM6,S23-C11,5/26/2023 22:00,5/28/2023 4:00,N,30,9,50,5/28/2023,Y,pig,neonate x2
SF9,S23-C19,5/29/2023 19:00,5/30/2023 10:00,N,15,6,58,5/30/2023,Y,coyote,
SF9,S23-C20,5/30/2023 16:00,6/2/2023 4:00,N,60,19,91,6/2/2023,Y,deer,
SM6,S23-C12,6/2/2023 7:00,6/4/2023 22:00,N,63,11,114,6/23/2023,N,,
SF9,S23-C21,6/2/2023 22:00,6/3/2023 4:00,N,6,3,34,,,,
SM6,S23-C13,6/3/2023 1:00,6/4/2023 4:00,N,27,10,96,6/23/2023,Y,deer,fawn
SF9,S23-C22,6/4/2023 1:00,6/7/2023 7:00,N,78,14,144,6/24/2023,Y,deer,doe and fawn
SF9,S23-C23,6/4/2023 10:00,6/7/2023 16:00,N,78,8,143,,,,
SM6,S23-C14,6/5/2023 7:00,6/6/2023 7:00,N,24,9,118,6/23/2023,N,,
SF9,S23-C24,6/7/2023 22:00,6/8/2023 4:00,N,6,3,36,6/17/2023,N,,
SF9,S23-C25,6/8/2023 22:00,6/9/2023 4:00,N,6,3,49,6/17/2023,N,,collected scat
SF9,S23-C26,6/10/2023 19:00,6/11/2023 4:00,N,9,4,35,6/23/2023,Y,deer,fawn
SM6,S23-C15,6/11/2023 13:00,6/14/2023 1:00,N,60,11,75,,,,
SF9,S23-C27,6/12/2023 7:00,6/13/2023 19:00,N,36,6,89,6/23/2023,Y,deer,fawn
SF9,S23-C28,6/18/2023 1:00,6/18/2023 4:00,N,3,2,14,6/19/2023,Y,deer,fawn
SF9,S23-C29,6/18/2023 22:00,6/19/2023 4:00,N,6,3,67,6/20/2023,N,,
SM6,S23-C16,6/22/2023 4:00,6/22/2023 22:00,N,18,7,103,6/26/2023,Y,pig,neonate
SF9,S23-C30,6/24/2023 16:00,6/25/2023 4:00,N,12,4,58,6/25/2023,Y,deer,fawn
SM6,S23-C17,6/25/2023 1:00,6/25/2023 22:00,N,21,3,87,6/26/2023,Y,pig,adult
SF9,S23-C31,6/25/2023 10:00,6/26/2023 1:00,N,15,4,88,6/26/2023,Y,deer,fawn
SF9,S23-C32,6/26/2023 4:00,6/26/2023 10:00,N,6,3,89,6/27/2023,Y,deer,fawn
SF9,S23-C33,6/26/2023 22:00,6/27/2023 4:00,N,6,3,12,6/27/2023,N,,
SM6,S23-C18,6/27/2023 1:00,6/28/2023 1:00,N,24,3,35,6/28/2023,Y,pig,neonate
SF9,S23-C34,6/27/2023 7:00,6/28/2023 7:00,N,24,8,56,6/28/2023,Y,deer,fawn
SF9,S23-C35,6/28/2023 1:00,6/28/2023 19:00,N,18,5,41,,,,
SF9,S23-C36,6/28/2023 22:00,6/29/2023 4:00,N,6,3,98,7/1/2023,N,,
SF9,S23-C37,6/29/2023 7:00,6/30/2023 1:00,N,18,4,101,7/1/2023,Y,deer,fawn
SF9,S23-C38,6/30/2023 10:00,6/30/2023 22:00,N,12,5,28,7/3/2023,Y,deer,fawn
SM6,S23-C19,7/1/2023 10:00,7/3/2023 4:00,N,42,7,116,7/3/2023,N,,
SF9,S23-C39,7/2/2023 1:00,7/2/2023 19:00,N,18,3,89,7/3/2023,N,,
SM6,S23-C20,7/2/2023 7:00,7/2/2023 22:00,N,15,6,95,,,,
SF9,S23-C40,7/2/2023 22:00,7/3/2023 4:00,N,6,3,12,7/3/2023,Y,deer,fawn
SF9,S23-C41,7/3/2023 7:00,7/3/2023 19:00,N,12,5,69,7/4/2023,Y,deer,fawn
SM6,S23-C21,7/3/2023 22:00,7/4/2023 4:00,N,6,3,44,7/7/2023,Y,beaver,kit
SF9,S23-C42,7/4/2023 1:00,7/5/2023 1:00,N,24,6,67,7/5/2023,Y,deer,fawn
SM6,S23-C22,7/5/2023 13:00,7/6/2023 1:00,N,12,5,27,7/5/2023,N,,
SF9,S23-C43,7/7/2023 13:00,7/8/2023 22:00,N,33,7,48,7/10/2023,Y,deer,fawn
SF9,S23-C44,7/7/2023 19:00,7/9/2023 4:00,N,33,5,51,7/8/2023,Y,deer,
SM6,S23-C23,7/9/2023 1:00,7/10/2023 1:00,N,24,3,50,7/10/2023,Y,pig,neonate
SF9,S23-C45,7/9/2023 22:00,7/10/2023 4:00,N,6,3,33,,,,
SM6,S23-2P,7/10/2023 4:00,7/10/2023 22:00,N,18,2,18,7/19/2023,Y,"unknown ungulate, likely pig",
SF9,S23-C46,7/11/2023 1:00,7/12/2023 22:00,N,45,5,36,,,,
SM6,S23-C24,7/12/2023 22:00,7/13/2023 4:00,N,6,2,81,7/16/2023,Y,pig,neonate
SF9,S23-CAN,7/13/2023 4:00,7/15/2023 10:00,N,54,3,87,,,,
SF9,S23-C47,7/13/2023 22:00,7/14/2023 19:00,N,6,3,38,7/16/2023,Y,deer,fawn
SM6,S23-C25,7/14/2023 7:00,7/16/2023 4:00,N,45,12,109,7/16/2023,Y,elk,
SF9,S23-C48,7/16/2023 22:00,7/17/2023 4:00,N,3,6,54,7/17/2023,Y,deer,
SM6,S23-C26,7/19/2023 1:00,7/21/2023 19:00,N,66,22,159,7/19/2023,Y,deer,
SF9,S23-C49,7/20/2023 22:00,7/21/2023 4:00,N,3,6,80,7/21/2023,Y,deer,fawn
SF9,S23-C50,7/22/2023 19:00,7/23/2023 4:00,N,9,3,60,7/23/2023,Y,deer,fawn
SF9,S23-C51,7/25/2023 1:00,7/25/2023 13:00,N,12,5,123,7/26/2023,Y,pig,neonate x2
SF9,S23-C52,7/26/2023 1:00,7/27/2023 4:00,N,27,5,106,7/26/2023,Y,deer,
SF9,S23-C53,7/25/2023 22:00,7/27/2023 1:00,N,27,5,93,,,,
SF9,S23-C54,7/27/2023 7:00,7/29/2023 4:00,N,45,16,123,7/28/2023,Y,pig,neonate x6
SM6,S23-C27,7/26/2023 1:00,7/27/2023 4:00,N,27,5,90,7/29/2023,Y,pig,neonate x3
SM6,S23-C28,7/28/2023 1:00,7/28/2023 22:00,N,21,8,159,7/29/2023,Y,pig,neonate x6
SM6,S23-C29,7/30/2023 4:00,7/31/2023 19:00,N,39,12,120,8/1/2023,Y,pig,fawn
SF9,S23-C55,7/31/2023 1:00,7/31/2023 4:00,N,3,2,11,7/31/2023,Y,ground squirrel,
SM6,W23-1014,10/13/2023 7:00,10/15/2023 16:00,N,57,11,183,,,,day bed associated with 1013
SM6,W23-1013,10/13/2023 16:00,10/16/2023 7:00,N,63,13,79,11/2/2023,Y,pig,
SF9,W23-1013,10/13/2023 22:00,10/15/2023 7:00,N,33,4,26,11/2/2023,Y,deer,buck
SF9,W23-1014,10/14/2023 19:00,10/15/2023 4:00,N,9,4,59,11/2/2023,N,,"Short search, did not complete datasheet"
SF9,W23-1016,10/16/2023 4:00,10/17/2023 7:00,N,27,10,143,11/2/2023,Y,deer,doe
SF9,W23-1017,10/17/2023 13:00,10/18/2023 4:00,N,15,6,86,11/2/2023,N,,"Short search, did not complete datasheet"
SF9,W23-1019,10/19/2023 22:00,10/20/2023 4:00,N,6,3,50,11/7/2023,Y,deer,fawn
SM6,W23-1021-2P,10/20/2023 4:00,10/21/2023 1:00,N,21,2,24,11/6/2023,Y,elk,calf
SF9,W23-1021,10/21/2023 22:00,10/22/2023 4:00,N,6,3,62,11/3/2023,Y,coyote,
SF9,W23-1023-2P,10/23/2023 7:00,10/23/2023 22:00,N,24,9,8,11/6/2023,Y,pig,neonate
SF9,W23-1025,10/25/2023 4:00,10/26/2023 4:00,N,24,9,138,11/3/2023,Y,deer,
SM6,W23-1025,10/25/2023 7:00,10/26/2023 7:00,N,24,9,73,11/6/2023,Y,pig,neonate
SF9,W23-1028,10/28/2023 4:00,10/28/2023 16:00,N,12,5,79,11/5/2023,Y,deer,neonate
SF9,W23-1029,10/28/2023 22:00,10/29/2023 4:00,N,6,3,30,11/5/2023,N,,"Short search, did not complete datasheet"
SM6,W23-1029,10/29/2023 10:00,10/31/2023 1:00,N,39,10,81,11/3/2023,Y,pig,neonate
SF9,W23-1030,10/29/2023 22:00,10/30/2023 4:00,N,6,3,12,11/7/2023,N,,did not complete datasheet
SF9,W23-C01,11/2/2023 13:00,11/3/2023 4:00,N,6,15,32,11/3/2023,Y,deer,fawn
SF9,W23-C02,11/4/2023 4:00,11/5/2023 7:00,N,28,10,131,11/6/2023,Y,deer,fawn
SM6,W23-C01,11/4/2023 7:00,11/5/2023 7:00,N,25,5,76,11/9/2023,Y,pig,neonate
SF9,W23-C03,11/7/2023 22:00,11/9/2023 1:00,N,27,9,125,11/8/2023,Y,deer,Set camera
SM6,W23-C02,11/7/2023 22:00,11/8/2023 4:00,N,6,3,109,,,,On private land south of FHL. Did not investigate
SM6,W23-C03,11/9/2023 22:00,11/13/2023 4:00,N,78,14,127,11/10/2023,Y,pig,Set camera
SF9,W23-C04,11/11/2023 1:00,11/11/2023 22:00,N,21,3,59,11/11/2023,Y,deer,Set camera
SF9,W23-C05,11/12/2023 1:00,11/12/2023 7:00,N,6,3,29,11/13/2023,Y,elk,Set camera
SF9,W23-C06,11/12/2023 22:00,11/13/2023 4:00,N,6,3,84,11/13/2023,N,,
SF9,W23-C07,11/16/2023 19:00,11/18/2023 22:00,N,51,11,89,11/17/2023,Y,deer,Set camera
SM6,W23-C04,11/17/2023 7:00,11/18/2023 19:00,N,36,7,133,11/18/2023,Y,pig,neonate
SM6,W23-C05,11/19/2023 1:00,11/19/2023 7:00,N,6,3,4,11/20/2023,N,,
SF9,W23-1119-2P,11/19/2023 22:00,11/20/2023 1:00,N,3,2,23,11/20/2023,Y,coyote,
SF9,W23-C08,11/20/2023 10:00,11/21/2023 22:00,N,36,9,107,,,,Day bed associated with C09
SF9,W23-C09,11/20/2023 19:00,11/22/2023 4:00,N,33,4,41,11/21/2023,Y,deer,doe
SF9,W23-C10,11/22/2023 13:00,11/23/2023 7:00,N,18,7,37,11/25/2023,Y,pig,neonate
Shared,W23-1124-shared,11/24/2023 4:00,11/24/2023 7:00,N,3,2,11,11/25/2023,Y,pig,neonate
SF9,W23-C11,11/26/2023 19:00,11/27/2023 4:00,N,9,4,112,11/29/2023,N,,
SM6,W23-C06,11/26/2023 22:00,11/27/2023 4:00,N,6,3,25,11/27/2023,Y,elk,yearling
SM6,W23-C07,11/29/2023 4:00,11/29/2023 13:00,N,9,4,16,12/1/2023,N,,
SF9,W23-C12,12/1/2023 22:00,12/3/2023 1:00,N,27,4,27,12/3/2023,Y,pig,
SM6,W23-C08,12/2/2023 22:00,12/4/2023 4:00,N,30,8,45,12/3/2023,Y,pig,Set camera
SF9,W23-C13,12/5/2023 4:00,12/6/2023 1:00,N,21,3,102,12/6/2023,N,,
SF9,W23-C15,12/6/2023 4:00,12/11/2023 7:00,N,123,16,155,12/11/2023,Y,deer,Set camera
SF9,W23-C14,12/6/2023 10:00,12/7/2023 7:00,N,21,7,145,12/7/2023,Y,deer,fawn
SM6,W23-C09,12/9/2023 1:00,12/11/2023 4:00,N,51,8,106,12/11/2023,Y,pig,fawn
SF9,W23-C16,12/9/2023 7:00,12/17/2023 16:00,N,201,20,138,12/17/2023,N,,Day bed associated with C15. Short search and found nothing. Did not complete datasheet
SF9,W23-C17,12/9/2023 19:00,12/17/2023 7:00,N,180,7,132,12/17/2023,N,,"Not a true cluster, just passed through the same area 3 times over 5 days and never on consecutive nights"
SF9,W23-C18,12/15/2023 19:00,12/16/2023 1:00,N,6,3,59,12/17/2023,N,,On exposed ridge top with several scrapes. No kill
SM6,W23-C10,12/18/2023 10:00,12/22/2023 1:00,N,87,27,113,12/23/2023,Y,pig,
SF9,W23-C19,12/19/2023 1:00,12/21/2023 7:00,N,54,9,115,12/20/2023,Y,deer,Set camera
